{
  "metadata": {
    "source": "NHANES 2009-2012 Oral Microbiome Project",
    "n_participants": 9660,
    "sequencing": "16S rRNA V4 region, Illumina HiSeq 2500",
    "pipeline": "DADA2, SILVA v123",
    "rarefaction_depth": 10000,
    "citation": "Vogtmann E et al. Lancet Microbe 2022; Chaturvedi AK et al. JAMA Network Open 2025",
    "generated_at": "2026-04-06T13:17:04.816894",
    "demographics_note": "Age/sex stratification unavailable \u2014 CDC demographics endpoint returned HTML. Overall population percentiles used for all strata."
  },
  "diversity": {
    "overall": {
      "shannon": {
        "p5": 3.40917,
        "p10": 3.773578,
        "p15": 3.964106,
        "p20": 4.110625,
        "p25": 4.22928,
        "p30": 4.325645,
        "p35": 4.419299,
        "p40": 4.505001,
        "p45": 4.585533,
        "p50": 4.661896,
        "p55": 4.739931,
        "p60": 4.80948,
        "p65": 4.886416,
        "p70": 4.96425,
        "p75": 5.057895,
        "p80": 5.165347,
        "p85": 5.265704,
        "p90": 5.410246,
        "p95": 5.635964
      },
      "simpson": {
        "p5": 0.784496,
        "p10": 0.829569,
        "p15": 0.852659,
        "p20": 0.869484,
        "p25": 0.881781,
        "p30": 0.891183,
        "p35": 0.899436,
        "p40": 0.906007,
        "p45": 0.911406,
        "p50": 0.916191,
        "p55": 0.920922,
        "p60": 0.925528,
        "p65": 0.929732,
        "p70": 0.933799,
        "p75": 0.937704,
        "p80": 0.941926,
        "p85": 0.946592,
        "p90": 0.951646,
        "p95": 0.959121
      },
      "observed_asvs": {
        "p5": 66.8,
        "p10": 79.9,
        "p15": 88.9,
        "p20": 95.8,
        "p25": 101.6,
        "p30": 107.0,
        "p35": 112.8,
        "p40": 117.58,
        "p45": 122.5,
        "p50": 127.6,
        "p55": 133.1,
        "p60": 138.4,
        "p65": 144.2,
        "p70": 150.2,
        "p75": 156.9,
        "p80": 165.5,
        "p85": 175.195,
        "p90": 186.93,
        "p95": 206.065
      },
      "faith_pd": {
        "p5": 9.493407,
        "p10": 10.583502,
        "p15": 11.303497,
        "p20": 11.879511,
        "p25": 12.354669,
        "p30": 12.772142,
        "p35": 13.161219,
        "p40": 13.571379,
        "p45": 13.973213,
        "p50": 14.351503,
        "p55": 14.784067,
        "p60": 15.22246,
        "p65": 15.644416,
        "p70": 16.139039,
        "p75": 16.648426,
        "p80": 17.215456,
        "p85": 17.9325,
        "p90": 18.766388,
        "p95": 20.159806
      }
    }
  },
  "genera": {
    "Veillonella": {
      "role": "protective",
      "prevalence_pct": 99.32,
      "median_abundance": 0.055837,
      "p25": 0.035595,
      "p75": 0.079683,
      "p90": 0.106555,
      "percentiles": {
        "p5": 0.013065,
        "p10": 0.020949,
        "p15": 0.026733,
        "p20": 0.031172,
        "p25": 0.035595,
        "p30": 0.039768,
        "p35": 0.044112,
        "p40": 0.04812,
        "p45": 0.052079,
        "p50": 0.055837,
        "p55": 0.059724,
        "p60": 0.064733,
        "p65": 0.069177,
        "p70": 0.074091,
        "p75": 0.079683,
        "p80": 0.086319,
        "p85": 0.093928,
        "p90": 0.106555,
        "p95": 0.125493
      }
    },
    "Rothia": {
      "role": "protective",
      "prevalence_pct": 99.19,
      "median_abundance": 0.090958,
      "p25": 0.055444,
      "p75": 0.141204,
      "p90": 0.208703,
      "percentiles": {
        "p5": 0.019367,
        "p10": 0.031587,
        "p15": 0.040452,
        "p20": 0.048534,
        "p25": 0.055444,
        "p30": 0.062257,
        "p35": 0.069069,
        "p40": 0.075857,
        "p45": 0.083253,
        "p50": 0.090958,
        "p55": 0.098836,
        "p60": 0.107598,
        "p65": 0.116882,
        "p70": 0.127832,
        "p75": 0.141204,
        "p80": 0.157397,
        "p85": 0.177097,
        "p90": 0.208703,
        "p95": 0.263632
      }
    },
    "Neisseria": {
      "role": "protective",
      "prevalence_pct": 93.93,
      "median_abundance": 0.014802,
      "p25": 0.003482,
      "p75": 0.037973,
      "p90": 0.068796,
      "percentiles": {
        "p5": 0.0,
        "p10": 0.000461,
        "p15": 0.001098,
        "p20": 0.00213,
        "p25": 0.003482,
        "p30": 0.005128,
        "p35": 0.0071,
        "p40": 0.009458,
        "p45": 0.011989,
        "p50": 0.014802,
        "p55": 0.018032,
        "p60": 0.021803,
        "p65": 0.026312,
        "p70": 0.031935,
        "p75": 0.037973,
        "p80": 0.046154,
        "p85": 0.05565,
        "p90": 0.068796,
        "p95": 0.093722
      }
    },
    "Streptococcus": {
      "role": "protective",
      "prevalence_pct": 99.52,
      "median_abundance": 0.319568,
      "p25": 0.252509,
      "p75": 0.39389,
      "p90": 0.473891,
      "percentiles": {
        "p5": 0.111559,
        "p10": 0.185517,
        "p15": 0.214351,
        "p20": 0.235446,
        "p25": 0.252509,
        "p30": 0.266947,
        "p35": 0.280191,
        "p40": 0.292912,
        "p45": 0.306877,
        "p50": 0.319568,
        "p55": 0.333239,
        "p60": 0.346845,
        "p65": 0.362002,
        "p70": 0.377499,
        "p75": 0.39389,
        "p80": 0.413742,
        "p85": 0.437598,
        "p90": 0.473891,
        "p95": 0.524971
      }
    },
    "Haemophilus": {
      "role": "protective",
      "prevalence_pct": 98.11,
      "median_abundance": 0.049856,
      "p25": 0.024352,
      "p75": 0.078621,
      "p90": 0.1123,
      "percentiles": {
        "p5": 0.001373,
        "p10": 0.006123,
        "p15": 0.012321,
        "p20": 0.01865,
        "p25": 0.024352,
        "p30": 0.029501,
        "p35": 0.034302,
        "p40": 0.039422,
        "p45": 0.044488,
        "p50": 0.049856,
        "p55": 0.054785,
        "p60": 0.060598,
        "p65": 0.065972,
        "p70": 0.071836,
        "p75": 0.078621,
        "p80": 0.087248,
        "p85": 0.097416,
        "p90": 0.1123,
        "p95": 0.136569
      }
    },
    "Porphyromonas": {
      "role": "pathogen",
      "prevalence_pct": 97.16,
      "median_abundance": 0.012253,
      "p25": 0.004723,
      "p75": 0.024351,
      "p90": 0.039489,
      "percentiles": {
        "p5": 0.00027,
        "p10": 0.001202,
        "p15": 0.002216,
        "p20": 0.003458,
        "p25": 0.004723,
        "p30": 0.00605,
        "p35": 0.007384,
        "p40": 0.00889,
        "p45": 0.0105,
        "p50": 0.012253,
        "p55": 0.014074,
        "p60": 0.016021,
        "p65": 0.018544,
        "p70": 0.021121,
        "p75": 0.024351,
        "p80": 0.027965,
        "p85": 0.032782,
        "p90": 0.039489,
        "p95": 0.050138
      }
    },
    "Treponema": {
      "role": "pathogen",
      "prevalence_pct": 0.03,
      "median_abundance": 0.0,
      "p25": 0.0,
      "p75": 0.0,
      "p90": 0.0,
      "percentiles": {
        "p5": 0.0,
        "p10": 0.0,
        "p15": 0.0,
        "p20": 0.0,
        "p25": 0.0,
        "p30": 0.0,
        "p35": 0.0,
        "p40": 0.0,
        "p45": 0.0,
        "p50": 0.0,
        "p55": 0.0,
        "p60": 0.0,
        "p65": 0.0,
        "p70": 0.0,
        "p75": 0.0,
        "p80": 0.0,
        "p85": 0.0,
        "p90": 0.0,
        "p95": 0.0
      }
    },
    "Tannerella": {
      "role": "pathogen",
      "prevalence_pct": 78.86,
      "median_abundance": 0.000453,
      "p25": 9.1e-05,
      "p75": 0.001228,
      "p90": 0.0025,
      "percentiles": {
        "p5": 0.0,
        "p10": 0.0,
        "p15": 0.0,
        "p20": 0.0,
        "p25": 9.1e-05,
        "p30": 0.000154,
        "p35": 0.000219,
        "p40": 0.000289,
        "p45": 0.000366,
        "p50": 0.000453,
        "p55": 0.00055,
        "p60": 0.000678,
        "p65": 0.000811,
        "p70": 0.000996,
        "p75": 0.001228,
        "p80": 0.001479,
        "p85": 0.00186,
        "p90": 0.0025,
        "p95": 0.003702
      }
    },